packet_id,timestamp,wait_time_s,data_hex,data_bytes
1,2026-03-12 09:58:21.253,0.0328,6E 79 4C B4 DB 18 83 27 BF E9 DB C7 B1 47 02 9A 61 3D 3F 72 F9 A9 84 41 D6 C4 D2 0B 7D 68 5F E2 CD 81 5D 44 8B AD 82 08 C8 DD BF 08 9D 1D 4C 25 E5 EE 5C AA,"[110, 121, 76, 180, 219, 24, 131, 39, 191, 233, 219, 199, 177, 71, 2, 154, 97, 61, 63, 114, 249, 169, 132, 65, 214, 196, 210, 11, 125, 104, 95, 226, 205, 129, 93, 68, 139, 173, 130, 8, 200, 221, 191, 8, 157, 29, 76, 37, 229, 238, 92, 170]"
2,2026-03-12 09:58:21.377,0.1230,26 7C A5 5C B0 C3 EE AD 13 27 F5 06 45 43 71 0F C8 0B 44 E9 BB 5A 9A 56 EB 21 AA 15 35 E7 C7 7A B0 EA 22 E8 0B D5 C9 47 74 CB DA 5F BC AD 86 7F A3 49 36 09,"[38, 124, 165, 92, 176, 195, 238, 173, 19, 39, 245, 6, 69, 67, 113, 15, 200, 11, 68, 233, 187, 90, 154, 86, 235, 33, 170, 21, 53, 231, 199, 122, 176, 234, 34, 232, 11, 213, 201, 71, 116, 203, 218, 95, 188, 173, 134, 127, 163, 73, 54, 9]"
3,2026-03-12 09:58:21.672,0.2934,75 90 33 01 67 7A 9E 65 57 A0 3B 04 31 53 AF 0A 08 97 02 85 5E 50 CB F1 23 94 13 2D CE 9E A3 55 86 9A 15 D6 BD A7 33 6D 28 D9 E1 44 31 86 AB 9E 87 C5 D5 8E,"[117, 144, 51, 1, 103, 122, 158, 101, 87, 160, 59, 4, 49, 83, 175, 10, 8, 151, 2, 133, 94, 80, 203, 241, 35, 148, 19, 45, 206, 158, 163, 85, 134, 154, 21, 214, 189, 167, 51, 109, 40, 217, 225, 68, 49, 134, 171, 158, 135, 197, 213, 142]"
4,2026-03-12 09:58:21.698,0.0230,A5 24 D9 7E 4C 4D 4E BE 0F A7 B7 7A A9 EC 5D C1 20 16 3A EF 5B 76 BE 94 AA E4 9E 5F 9D C8 79 31 27 97 D1 5E B3 65 DC 85 FF 78 AF A9 87 36 DE AF 9D 9D 89 53,"[165, 36, 217, 126, 76, 77, 78, 190, 15, 167, 183, 122, 169, 236, 93, 193, 32, 22, 58, 239, 91, 118, 190, 148, 170, 228, 158, 95, 157, 200, 121, 49, 39, 151, 209, 94, 179, 101, 220, 133, 255, 120, 175, 169, 135, 54, 222, 175, 157, 157, 137, 83]"
5,2026-03-12 09:58:21.733,0.0306,B9 0F 55 21 DA 30 4A 6B 39 92 B9 A8 6B 40 2B 00 22 17 FD 26 A1 1C CC D4 93 2C 58 32 FD 01 19 95 52 F8 D7 D6 84 41 76 9E 99 99 41 44 0B 64 40 FB C4 EF E5 60,"[185, 15, 85, 33, 218, 48, 74, 107, 57, 146, 185, 168, 107, 64, 43, 0, 34, 23, 253, 38, 161, 28, 204, 212, 147, 44, 88, 50, 253, 1, 25, 149, 82, 248, 215, 214, 132, 65, 118, 158, 153, 153, 65, 68, 11, 100, 64, 251, 196, 239, 229, 96]"
6,2026-03-12 09:58:21.774,0.0384,BD 70 7E A2 4D 42 6C A3 21 40 1D 7A 73 12 BA C6 E8 C9 F2 7C 4C 55 66 9B 50 7E 27 3E 2D FA B8 72 9B 5F D8 6B B2 94 7E 4E A4 B0 19 2F D0 A9 77 F7 F8 A0 0F C1,"[189, 112, 126, 162, 77, 66, 108, 163, 33, 64, 29, 122, 115, 18, 186, 198, 232, 201, 242, 124, 76, 85, 102, 155, 80, 126, 39, 62, 45, 250, 184, 114, 155, 95, 216, 107, 178, 148, 126, 78, 164, 176, 25, 47, 208, 169, 119, 247, 248, 160, 15, 193]"
7,2026-03-12 09:58:21.837,0.0616,26 53 F6 C3 57 9D 13 44 CC 90 1B 7C C0 FE BC ED 1E 8E 7B 30 5D 3B FB 19 3F 55 47 43 04 1A 28 0B D8 74 5D B2 4F F2 8C 99 D2 F9 71 16 C4 7B 82 09 79 5A 12 00,"[38, 83, 246, 195, 87, 157, 19, 68, 204, 144, 27, 124, 192, 254, 188, 237, 30, 142, 123, 48, 93, 59, 251, 25, 63, 85, 71, 67, 4, 26, 40, 11, 216, 116, 93, 178, 79, 242, 140, 153, 210, 249, 113, 22, 196, 123, 130, 9, 121, 90, 18, 0]"
8,2026-03-12 09:58:21.950,0.1118,AD FC EB 65 60 26 97 54 91 A2 1B 86 61 D2 9C 59 7F 63 A7 39 37 95 4F E3 0E 71 21 47 22 57 05 38 22 11 8E CD C8 F0 A1 CD 85 23 84 5B F5 41 D8 55 CD 4E 5A 0E,"[173, 252, 235, 101, 96, 38, 151, 84, 145, 162, 27, 134, 97, 210, 156, 89, 127, 99, 167, 57, 55, 149, 79, 227, 14, 113, 33, 71, 34, 87, 5, 56, 34, 17, 142, 205, 200, 240, 161, 205, 133, 35, 132, 91, 245, 65, 216, 85, 205, 78, 90, 14]"
9,2026-03-12 09:58:22.319,0.3678,CD 8D A3 D2 71 3A 0A B1 97 7C 59 25 95 85 5C A8 88 AB 0F 2D CB 04 69 F6 8F 21 95 C6 D5 8C 23 45 DD B1 35 11 54 AC 42 18 44 E6 7C 2F 35 C3 EF F5 93 75 77 C0,"[205, 141, 163, 210, 113, 58, 10, 177, 151, 124, 89, 37, 149, 133, 92, 168, 136, 171, 15, 45, 203, 4, 105, 246, 143, 33, 149, 198, 213, 140, 35, 69, 221, 177, 53, 17, 84, 172, 66, 24, 68, 230, 124, 47, 53, 195, 239, 245, 147, 117, 119, 192]"
10,2026-03-12 09:58:22.443,0.1223,6C 77 7A 93 12 FB BA AD B8 83 14 FA B4 4D 57 D3 F4 23 CE E0 6E E8 09 E4 22 FC 9D E5 D7 80 D4 DF 7D C9 26 9F FD 3E 1D 38 B3 43 35 E9 20 E0 E9 3A B8 95 32 D3,"[108, 119, 122, 147, 18, 251, 186, 173, 184, 131, 20, 250, 180, 77, 87, 211, 244, 35, 206, 224, 110, 232, 9, 228, 34, 252, 157, 229, 215, 128, 212, 223, 125, 201, 38, 159, 253, 62, 29, 56, 179, 67, 53, 233, 32, 224, 233, 58, 184, 149, 50, 211]"
11,2026-03-12 09:58:22.455,0.0102,3D ED F9 0A 60 92 21 0C 56 94 05 F9 76 B8 01 1E 84 87 EB FB 38 A4 50 9E 87 55 2A CE 42 5D 88 2F 26 ED B6 AD F4 4F F8 D7 2A BC 30 17 44 69 06 D6 DE CE 66 8A,"[61, 237, 249, 10, 96, 146, 33, 12, 86, 148, 5, 249, 118, 184, 1, 30, 132, 135, 235, 251, 56, 164, 80, 158, 135, 85, 42, 206, 66, 93, 136, 47, 38, 237, 182, 173, 244, 79, 248, 215, 42, 188, 48, 23, 68, 105, 6, 214, 222, 206, 102, 138]"
12,2026-03-12 09:58:22.568,0.1113,74 AC 63 36 B7 A0 8D 75 2C 8A CB 64 4B 38 14 6D A0 1C 89 8E 46 94 B8 9A 66 8B B2 3A 29 DF B9 7A C3 54 A8 86 98 CE 5E 19 99 07 9C D1 1C 87 CE 62 5A 05 F5 54,"[116, 172, 99, 54, 183, 160, 141, 117, 44, 138, 203, 100, 75, 56, 20, 109, 160, 28, 137, 142, 70, 148, 184, 154, 102, 139, 178, 58, 41, 223, 185, 122, 195, 84, 168, 134, 152, 206, 94, 25, 153, 7, 156, 209, 28, 135, 206, 98, 90, 5, 245, 84]"
13,2026-03-12 09:58:22.680,0.1111,8C 94 F2 83 F7 B0 D2 0B D3 E6 C5 F5 DB C1 66 D6 ED 07 DC 74 20 FD 83 2C 02 61 D8 D8 96 39 E4 A3 8E FA E1 87 B0 3A 60 0F AA B9 02 EC F8 83 F8 08 71 96 4D BB,"[140, 148, 242, 131, 247, 176, 210, 11, 211, 230, 197, 245, 219, 193, 102, 214, 237, 7, 220, 116, 32, 253, 131, 44, 2, 97, 216, 216, 150, 57, 228, 163, 142, 250, 225, 135, 176, 58, 96, 15, 170, 185, 2, 236, 248, 131, 248, 8, 113, 150, 77, 187]"
14,2026-03-12 09:58:22.773,0.0917,8F B6 03 FC 9F 89 08 83 33 77 D6 34 CD 56 21 7D 84 72 68 F9 A4 38 B5 B0 BC E0 85 58 60 66 09 A7 25 C7 49 E9 7B 68 F9 BD DE 75 21 3E 4F 01 32 61 63 A5 BD 3F,"[143, 182, 3, 252, 159, 137, 8, 131, 51, 119, 214, 52, 205, 86, 33, 125, 132, 114, 104, 249, 164, 56, 181, 176, 188, 224, 133, 88, 96, 102, 9, 167, 37, 199, 73, 233, 123, 104, 249, 189, 222, 117, 33, 62, 79, 1, 50, 97, 99, 165, 189, 63]"
15,2026-03-12 09:58:22.961,0.1858,56 B6 A3 ED 14 F4 3C 1C 8A 64 4B 4D D7 69 5F 22 F1 76 2A 78 22 B1 85 DE AF 6C 70 B5 79 82 DD A8 BC EA 0F 6E B5 70 DF B5 14 BC C7 11 4E 5C A3 39 AF 15 18 8E,"[86, 182, 163, 237, 20, 244, 60, 28, 138, 100, 75, 77, 215, 105, 95, 34, 241, 118, 42, 120, 34, 177, 133, 222, 175, 108, 112, 181, 121, 130, 221, 168, 188, 234, 15, 110, 181, 112, 223, 181, 20, 188, 199, 17, 78, 92, 163, 57, 175, 21, 24, 142]"
16,2026-03-12 09:58:22.969,0.0070,38 89 8B 9D 14 C7 04 A5 4F D3 F7 A4 36 B4 AD 53 D4 A2 95 A5 35 11 33 0D 1C 73 E9 E0 E4 D1 EE 02 E6 44 28 B0 90 CF A9 73 96 B4 4E 85 76 58 8D 45 5E DB 9A 9B,"[56, 137, 139, 157, 20, 199, 4, 165, 79, 211, 247, 164, 54, 180, 173, 83, 212, 162, 149, 165, 53, 17, 51, 13, 28, 115, 233, 224, 228, 209, 238, 2, 230, 68, 40, 176, 144, 207, 169, 115, 150, 180, 78, 133, 118, 88, 141, 69, 94, 219, 154, 155]"
17,2026-03-12 09:58:23.037,0.0666,C7 44 A1 74 E5 C3 16 36 EC 1B BA D1 88 20 04 7C E3 B7 8E FF 5D A5 DA 49 45 FD DF 6A 92 80 A7 84 0C 83 5B 32 25 80 2F 09 E3 E5 91 F8 F5 06 58 E2 E1 F5 B6 12,"[199, 68, 161, 116, 229, 195, 22, 54, 236, 27, 186, 209, 136, 32, 4, 124, 227, 183, 142, 255, 93, 165, 218, 73, 69, 253, 223, 106, 146, 128, 167, 132, 12, 131, 91, 50, 37, 128, 47, 9, 227, 229, 145, 248, 245, 6, 88, 226, 225, 245, 182, 18]"
18,2026-03-12 09:58:23.083,0.0438,58 A2 E9 55 1A 6A E9 DB B8 B1 5A 84 77 D9 8C 94 92 EC D2 29 74 3F D3 FB 93 05 0B 7C 92 7E 7C 76 5E 98 15 1C 30 41 DD B8 9E E0 41 BD 49 10 23 AC 51 0C 90 EA,"[88, 162, 233, 85, 26, 106, 233, 219, 184, 177, 90, 132, 119, 217, 140, 148, 146, 236, 210, 41, 116, 63, 211, 251, 147, 5, 11, 124, 146, 126, 124, 118, 94, 152, 21, 28, 48, 65, 221, 184, 158, 224, 65, 189, 73, 16, 35, 172, 81, 12, 144, 234]"
19,2026-03-12 09:58:23.332,0.2481,7C D5 8C 18 F1 2E 96 0D C1 59 12 40 7A D1 92 FF 09 6F D0 31 67 25 81 7B 28 14 AB 39 72 EC 23 4C 8C A5 1C DF 93 1C 35 77 3D C1 F7 3E 8F AB CF E0 DC 6D 2C 6D,"[124, 213, 140, 24, 241, 46, 150, 13, 193, 89, 18, 64, 122, 209, 146, 255, 9, 111, 208, 49, 103, 37, 129, 123, 40, 20, 171, 57, 114, 236, 35, 76, 140, 165, 28, 223, 147, 28, 53, 119, 61, 193, 247, 62, 143, 171, 207, 224, 220, 109, 44, 109]"
20,2026-03-12 09:58:23.558,0.2247,12 AC F2 24 4D 2A AE F7 E8 A0 F9 F9 D1 01 54 03 61 AC B1 D1 EE F0 1C C0 C9 50 7C F6 E3 49 AD CB 2A C0 84 0B A5 B4 17 5B 1F 4A B1 8E C0 CD AF 83 F5 0F 49 36,"[18, 172, 242, 36, 77, 42, 174, 247, 232, 160, 249, 249, 209, 1, 84, 3, 97, 172, 177, 209, 238, 240, 28, 192, 201, 80, 124, 246, 227, 73, 173, 203, 42, 192, 132, 11, 165, 180, 23, 91, 31, 74, 177, 142, 192, 205, 175, 131, 245, 15, 73, 54]"
21,2026-03-12 09:58:23.833,0.2732,03 6A C3 B7 8C 1F 1B A4 3D C6 F2 6B 04 FC E1 E8 CA FC 45 67 18 F6 72 10 A0 75 81 65 34 24 86 67 B5 35 52 B7 5F C7 96 01 F9 94 C0 E8 16 2C 3A E7 CE E0 EE BF,"[3, 106, 195, 183, 140, 31, 27, 164, 61, 198, 242, 107, 4, 252, 225, 232, 202, 252, 69, 103, 24, 246, 114, 16, 160, 117, 129, 101, 52, 36, 134, 103, 181, 53, 82, 183, 95, 199, 150, 1, 249, 148, 192, 232, 22, 44, 58, 231, 206, 224, 238, 191]"
22,2026-03-12 09:58:23.951,0.1165,19 E1 AC FB 20 6D C0 50 88 64 EF E1 8A 24 82 C8 8D D4 2C D0 8E 8D E0 4D 53 25 D4 DA 36 9A 48 B7 25 48 34 83 B7 54 7A 3C 2C FA 20 9E 7A E6 E1 F9 54 AC 38 29,"[25, 225, 172, 251, 32, 109, 192, 80, 136, 100, 239, 225, 138, 36, 130, 200, 141, 212, 44, 208, 142, 141, 224, 77, 83, 37, 212, 218, 54, 154, 72, 183, 37, 72, 52, 131, 183, 84, 122, 60, 44, 250, 32, 158, 122, 230, 225, 249, 84, 172, 56, 41]"
23,2026-03-12 09:58:24.064,0.1123,BD DE C7 89 87 64 80 C7 DE 7A DD C2 9B 1D 42 C7 3D EC E8 8B 94 D0 DD 4C EE 1C 2B 6C 16 40 81 7C 49 D4 E6 22 0D BB 16 19 FB 4C 78 8D D6 31 2E 3D 20 CE 24 D8,"[189, 222, 199, 137, 135, 100, 128, 199, 222, 122, 221, 194, 155, 29, 66, 199, 61, 236, 232, 139, 148, 208, 221, 76, 238, 28, 43, 108, 22, 64, 129, 124, 73, 212, 230, 34, 13, 187, 22, 25, 251, 76, 120, 141, 214, 49, 46, 61, 32, 206, 36, 216]"
24,2026-03-12 09:58:24.220,0.1545,32 33 A5 E0 16 22 63 0E F0 9D 38 C4 E1 C6 E6 F3 DE 9A 4F A5 C1 74 75 6D 42 11 AA 26 A3 0B DB 7B ED 69 FD 1E 15 B1 71 50 62 08 1E DD 4D 39 86 F2 72 3E 99 0A,"[50, 51, 165, 224, 22, 34, 99, 14, 240, 157, 56, 196, 225, 198, 230, 243, 222, 154, 79, 165, 193, 116, 117, 109, 66, 17, 170, 38, 163, 11, 219, 123, 237, 105, 253, 30, 21, 177, 113, 80, 98, 8, 30, 221, 77, 57, 134, 242, 114, 62, 153, 10]"
25,2026-03-12 09:58:24.246,0.0243,7B 8F 2E 83 FA 5E DD 93 AE 7A AC 53 7C 60 CF 81 F3 9C B5 EC 74 78 93 CA A4 1A 4B 56 A8 35 E8 15 0A 1D AB BC D1 8F C1 37 2E F8 53 6A 8E B8 72 7C 92 95 15 6A,"[123, 143, 46, 131, 250, 94, 221, 147, 174, 122, 172, 83, 124, 96, 207, 129, 243, 156, 181, 236, 116, 120, 147, 202, 164, 26, 75, 86, 168, 53, 232, 21, 10, 29, 171, 188, 209, 143, 193, 55, 46, 248, 83, 106, 142, 184, 114, 124, 146, 149, 21, 106]"
26,2026-03-12 09:58:24.271,0.0234,6B 6E 21 E8 2F 1B E0 D7 D0 E7 33 0E 77 49 6B E8 7D 01 9D 00 AB 71 84 AA 79 4A E8 21 FF 32 5B 5A DB A0 40 31 26 9E B8 41 BE 46 FE F4 80 A3 49 56 5B 36 17 0A,"[107, 110, 33, 232, 47, 27, 224, 215, 208, 231, 51, 14, 119, 73, 107, 232, 125, 1, 157, 0, 171, 113, 132, 170, 121, 74, 232, 33, 255, 50, 91, 90, 219, 160, 64, 49, 38, 158, 184, 65, 190, 70, 254, 244, 128, 163, 73, 86, 91, 54, 23, 10]"
27,2026-03-12 09:58:24.395,0.1228,57 4A F1 84 F2 36 F9 E8 1F A9 4A FB 05 CB F6 FA E4 D5 AB 51 62 38 53 A1 F5 20 4B 5B FC 49 24 94 4F 60 8B 78 51 3B CE 31 C3 AE CA 31 8E AD 42 8C 02 81 EE 2A,"[87, 74, 241, 132, 242, 54, 249, 232, 31, 169, 74, 251, 5, 203, 246, 250, 228, 213, 171, 81, 98, 56, 83, 161, 245, 32, 75, 91, 252, 73, 36, 148, 79, 96, 139, 120, 81, 59, 206, 49, 195, 174, 202, 49, 142, 173, 66, 140, 2, 129, 238, 42]"
28,2026-03-12 09:58:24.546,0.1492,C1 58 F6 0D 67 61 1A F8 3D 3D 78 63 1A FE AC C9 F7 5F F4 2F CF E4 B2 CA B6 75 A7 16 0B 40 7A B9 3A BA 9C B2 EA 0D C7 C1 65 E6 BF B7 DA 82 25 7D F1 B5 36 7D,"[193, 88, 246, 13, 103, 97, 26, 248, 61, 61, 120, 99, 26, 254, 172, 201, 247, 95, 244, 47, 207, 228, 178, 202, 182, 117, 167, 22, 11, 64, 122, 185, 58, 186, 156, 178, 234, 13, 199, 193, 101, 230, 191, 183, 218, 130, 37, 125, 241, 181, 54, 125]"
29,2026-03-12 09:58:24.559,0.0114,DA 1F FF 0C 6C 09 CD 14 BD 3B 72 76 9F E8 9F 5C F5 71 17 74 AB 37 00 82 56 78 49 92 AD E7 56 3F 0A 16 43 E3 28 5A D6 0E 18 1C 5E A4 E6 FB CB 38 DF 89 18 56,"[218, 31, 255, 12, 108, 9, 205, 20, 189, 59, 114, 118, 159, 232, 159, 92, 245, 113, 23, 116, 171, 55, 0, 130, 86, 120, 73, 146, 173, 231, 86, 63, 10, 22, 67, 227, 40, 90, 214, 14, 24, 28, 94, 164, 230, 251, 203, 56, 223, 137, 24, 86]"
30,2026-03-12 09:58:24.679,0.1189,E1 50 86 56 95 30 BF B2 B5 47 18 8F F8 B4 F7 0D 2F 32 67 91 6C DF 53 0E 65 FC 8B C0 B7 AB 22 B7 82 CA 39 70 5D D9 21 E4 FF A5 F3 70 DF 4E 5C 6A 47 84 68 5F,"[225, 80, 134, 86, 149, 48, 191, 178, 181, 71, 24, 143, 248, 180, 247, 13, 47, 50, 103, 145, 108, 223, 83, 14, 101, 252, 139, 192, 183, 171, 34, 183, 130, 202, 57, 112, 93, 217, 33, 228, 255, 165, 243, 112, 223, 78, 92, 106, 71, 132, 104, 95]"
31,2026-03-12 09:58:24.712,0.0317,62 FD E5 88 43 BD 2D 74 6A 97 CD 9E EF 3B AE 45 73 9C 45 55 11 CE 19 01 86 46 A1 AD AC 45 06 CA 76 FB FC 4C 86 CF E9 5C 6C A9 96 75 00 6D 2F 8E 2F A4 0E 03,"[98, 253, 229, 136, 67, 189, 45, 116, 106, 151, 205, 158, 239, 59, 174, 69, 115, 156, 69, 85, 17, 206, 25, 1, 134, 70, 161, 173, 172, 69, 6, 202, 118, 251, 252, 76, 134, 207, 233, 92, 108, 169, 150, 117, 0, 109, 47, 142, 47, 164, 14, 3]"
32,2026-03-12 09:58:24.816,0.1025,77 44 8E 13 CE A4 49 DC E8 45 21 4C FF 1A 57 3F 41 C1 8D 57 22 96 1A AB B3 CB 33 6A 80 9D 4D 87 3A 52 FC CC 62 BF BA 3F 83 1D 16 B9 48 FF AC DE 7D 37 3F 25,"[119, 68, 142, 19, 206, 164, 73, 220, 232, 69, 33, 76, 255, 26, 87, 63, 65, 193, 141, 87, 34, 150, 26, 171, 179, 203, 51, 106, 128, 157, 77, 135, 58, 82, 252, 204, 98, 191, 186, 63, 131, 29, 22, 185, 72, 255, 172, 222, 125, 55, 63, 37]"
33,2026-03-12 09:58:24.850,0.0319,1B AD 36 61 E6 F5 98 97 4B E9 E7 B1 AD BB 49 7D EB E5 C3 5C E7 41 2B 18 AF F7 9A CE 2A 97 52 42 AF 10 45 AF D8 D1 6C 7E 5A BD F3 82 AF 02 5C 8C A6 FA 98 47,"[27, 173, 54, 97, 230, 245, 152, 151, 75, 233, 231, 177, 173, 187, 73, 125, 235, 229, 195, 92, 231, 65, 43, 24, 175, 247, 154, 206, 42, 151, 82, 66, 175, 16, 69, 175, 216, 209, 108, 126, 90, 189, 243, 130, 175, 2, 92, 140, 166, 250, 152, 71]"
34,2026-03-12 09:58:24.923,0.0715,0E 9F 2C B4 B1 23 D4 BB 33 20 97 9C 14 ED E1 4B AA 77 F0 99 98 BA 10 28 70 4B 51 91 8F 27 59 EF 7E AD 77 EE 9F 94 30 E8 D4 08 84 C9 26 FB 17 73 2D 5F F6 7D,"[14, 159, 44, 180, 177, 35, 212, 187, 51, 32, 151, 156, 20, 237, 225, 75, 170, 119, 240, 153, 152, 186, 16, 40, 112, 75, 81, 145, 143, 39, 89, 239, 126, 173, 119, 238, 159, 148, 48, 232, 212, 8, 132, 201, 38, 251, 23, 115, 45, 95, 246, 125]"
35,2026-03-12 09:58:25.387,0.4620,E4 21 C8 B6 AB 1E 12 9C 74 A8 83 F3 E0 D2 BD 67 E8 B8 64 20 57 D0 E0 03 26 A3 76 22 17 FF 85 46 06 0D 14 90 F0 76 14 98 05 9F 19 E7 6A 1F 82 BA 9F CF 0B 71,"[228, 33, 200, 182, 171, 30, 18, 156, 116, 168, 131, 243, 224, 210, 189, 103, 232, 184, 100, 32, 87, 208, 224, 3, 38, 163, 118, 34, 23, 255, 133, 70, 6, 13, 20, 144, 240, 118, 20, 152, 5, 159, 25, 231, 106, 31, 130, 186, 159, 207, 11, 113]"
36,2026-03-12 09:58:25.455,0.0677,67 C1 3A 94 F4 36 AF 40 ED 95 F9 5C F2 29 35 20 9D 54 BD D7 D1 FA 44 32 DD E6 D8 38 74 53 B2 D1 F7 02 5B 09 6F 69 BC E9 C2 5F 5D 07 55 D9 24 B3 81 9B 96 29,"[103, 193, 58, 148, 244, 54, 175, 64, 237, 149, 249, 92, 242, 41, 53, 32, 157, 84, 189, 215, 209, 250, 68, 50, 221, 230, 216, 56, 116, 83, 178, 209, 247, 2, 91, 9, 111, 105, 188, 233, 194, 95, 93, 7, 85, 217, 36, 179, 129, 155, 150, 41]"
37,2026-03-12 09:58:25.626,0.1692,16 12 AA 9C AD 00 DE 23 57 B5 E3 E0 C8 0A A8 7B 11 7E 7D 8D 00 AA 72 D2 83 E9 76 AB 67 45 EC 62 9C B0 5F 49 0C 75 C4 72 62 D6 A3 E1 73 1C 66 D8 60 B5 88 42,"[22, 18, 170, 156, 173, 0, 222, 35, 87, 181, 227, 224, 200, 10, 168, 123, 17, 126, 125, 141, 0, 170, 114, 210, 131, 233, 118, 171, 103, 69, 236, 98, 156, 176, 95, 73, 12, 117, 196, 114, 98, 214, 163, 225, 115, 28, 102, 216, 96, 181, 136, 66]"
38,2026-03-12 09:58:25.651,0.0235,64 7E ED CA 86 AF 87 05 1A F6 FB B4 B1 86 4F 08 8F AD 6C 71 53 97 E4 B4 4A B0 0C 35 2A EC 58 71 EB 6D 00 13 8D 97 79 A8 DF BF 43 C1 D1 F9 BD 08 56 03 C9 06,"[100, 126, 237, 202, 134, 175, 135, 5, 26, 246, 251, 180, 177, 134, 79, 8, 143, 173, 108, 113, 83, 151, 228, 180, 74, 176, 12, 53, 42, 236, 88, 113, 235, 109, 0, 19, 141, 151, 121, 168, 223, 191, 67, 193, 209, 249, 189, 8, 86, 3, 201, 6]"
39,2026-03-12 09:58:25.769,0.1161,F6 E0 81 57 54 7D 85 FB 1C 92 08 D6 87 49 31 31 E0 04 5A 71 EE 52 E6 2F 93 0F 4B B2 14 25 FF C0 C0 80 A0 97 B3 14 D8 43 02 90 AE E6 15 A6 A6 E8 B4 3B E3 D3,"[246, 224, 129, 87, 84, 125, 133, 251, 28, 146, 8, 214, 135, 73, 49, 49, 224, 4, 90, 113, 238, 82, 230, 47, 147, 15, 75, 178, 20, 37, 255, 192, 192, 128, 160, 151, 179, 20, 216, 67, 2, 144, 174, 230, 21, 166, 166, 232, 180, 59, 227, 211]"
40,2026-03-12 09:58:25.896,0.1256,81 B0 F6 FB 8F AE 1A C5 C8 65 17 13 25 00 49 86 69 C2 84 20 77 F1 0E F1 93 0D 58 DA 10 72 76 7D CD F7 61 F0 ED 16 90 40 F3 BB B6 9A AA BF 70 64 8D 75 60 2E,"[129, 176, 246, 251, 143, 174, 26, 197, 200, 101, 23, 19, 37, 0, 73, 134, 105, 194, 132, 32, 119, 241, 14, 241, 147, 13, 88, 218, 16, 114, 118, 125, 205, 247, 97, 240, 237, 22, 144, 64, 243, 187, 182, 154, 170, 191, 112, 100, 141, 117, 96, 46]"
41,2026-03-12 09:58:25.960,0.0624,9B FE 00 35 A6 A5 8E 43 FD DD A7 71 4F E4 E6 52 FA E3 97 24 1F CD 78 1A 28 AD 67 E6 CB FA 25 CE EE CC 8E BD 43 A7 97 FB 8B E3 89 5A F2 1A C0 19 E4 7B E0 97,"[155, 254, 0, 53, 166, 165, 142, 67, 253, 221, 167, 113, 79, 228, 230, 82, 250, 227, 151, 36, 31, 205, 120, 26, 40, 173, 103, 230, 203, 250, 37, 206, 238, 204, 142, 189, 67, 167, 151, 251, 139, 227, 137, 90, 242, 26, 192, 25, 228, 123, 224, 151]"
42,2026-03-12 09:58:26.044,0.0824,05 AA 2A 3A CD B0 D6 86 00 2C 60 E6 77 4D 3D 38 D1 D1 73 1B 4E 27 67 F5 27 08 33 33 D5 20 96 4C F0 68 A9 5C 85 05 A4 E3 AB 0E 9B 29 91 F6 A7 A7 4A 95 36 AF,"[5, 170, 42, 58, 205, 176, 214, 134, 0, 44, 96, 230, 119, 77, 61, 56, 209, 209, 115, 27, 78, 39, 103, 245, 39, 8, 51, 51, 213, 32, 150, 76, 240, 104, 169, 92, 133, 5, 164, 227, 171, 14, 155, 41, 145, 246, 167, 167, 74, 149, 54, 175]"
43,2026-03-12 09:58:26.178,0.1298,52 B3 4A AF 8B 94 14 61 D0 F1 0D 8C CD F7 EA D2 25 C4 79 26 4C CF 78 D6 AE 93 C6 8A 49 E6 D9 96 C7 25 3E 50 DA 48 2A 8E 1D 88 64 B9 80 DA E0 69 74 52 48 DE,"[82, 179, 74, 175, 139, 148, 20, 97, 208, 241, 13, 140, 205, 247, 234, 210, 37, 196, 121, 38, 76, 207, 120, 214, 174, 147, 198, 138, 73, 230, 217, 150, 199, 37, 62, 80, 218, 72, 42, 142, 29, 136, 100, 185, 128, 218, 224, 105, 116, 82, 72, 222]"
44,2026-03-12 09:58:26.385,0.2051,26 97 98 5F DE CD 20 9B 2D 30 3C F3 33 16 D6 2F C4 C8 E2 23 FD ED 9A 3E DE 58 91 E3 AA F8 18 42 DF 47 79 6D 12 DB 5A 3D D4 EB C3 12 DF 6C 67 19 2C B9 20 9B,"[38, 151, 152, 95, 222, 205, 32, 155, 45, 48, 60, 243, 51, 22, 214, 47, 196, 200, 226, 35, 253, 237, 154, 62, 222, 88, 145, 227, 170, 248, 24, 66, 223, 71, 121, 109, 18, 219, 90, 61, 212, 235, 195, 18, 223, 108, 103, 25, 44, 185, 32, 155]"
45,2026-03-12 09:58:26.586,0.1990,75 20 C2 EF 23 8C 51 1E DB CC 58 C2 8A D5 67 18 A5 A1 D1 02 1C 42 A1 D9 9E 82 CB BE 94 9C 51 42 D7 AC 5B 85 3C 81 58 55 1F 52 BA 29 28 42 46 50 90 52 0A 60,"[117, 32, 194, 239, 35, 140, 81, 30, 219, 204, 88, 194, 138, 213, 103, 24, 165, 161, 209, 2, 28, 66, 161, 217, 158, 130, 203, 190, 148, 156, 81, 66, 215, 172, 91, 133, 60, 129, 88, 85, 31, 82, 186, 41, 40, 66, 70, 80, 144, 82, 10, 96]"
46,2026-03-12 09:58:26.836,0.2492,F8 8F A0 6B 9D 70 E2 01 E7 06 1B 08 31 74 5C 74 66 C0 2F 1C 39 44 C7 D4 70 88 94 9D 35 E3 77 9E C3 97 62 A9 C7 C9 A0 04 30 DD 4F B4 97 B8 0F AE 57 57 17 23,"[248, 143, 160, 107, 157, 112, 226, 1, 231, 6, 27, 8, 49, 116, 92, 116, 102, 192, 47, 28, 57, 68, 199, 212, 112, 136, 148, 157, 53, 227, 119, 158, 195, 151, 98, 169, 199, 201, 160, 4, 48, 221, 79, 180, 151, 184, 15, 174, 87, 87, 23, 35]"
47,2026-03-12 09:58:26.850,0.0120,3D 1A 7F 09 A1 8C 12 FB 1F 31 24 77 97 55 82 32 64 EE 88 AA F1 B3 99 57 5F 53 B0 C7 F4 A2 44 F5 DF 91 81 D7 CC 18 68 3C EA 77 AC ED 6B F7 E5 EC EC C5 FC 96,"[61, 26, 127, 9, 161, 140, 18, 251, 31, 49, 36, 119, 151, 85, 130, 50, 100, 238, 136, 170, 241, 179, 153, 87, 95, 83, 176, 199, 244, 162, 68, 245, 223, 145, 129, 215, 204, 24, 104, 60, 234, 119, 172, 237, 107, 247, 229, 236, 236, 197, 252, 150]"
48,2026-03-12 09:58:26.864,0.0123,25 07 49 E6 8B FF 4C 34 0C 97 AA 54 5F 63 7B F7 FE 8A 1B EB BE 6F 96 8D 7A 5E 7D F6 6E 17 FB C3 F8 4C 94 9E 95 EC BB E4 05 B1 77 FC BA 8E 98 D4 9F 42 72 20,"[37, 7, 73, 230, 139, 255, 76, 52, 12, 151, 170, 84, 95, 99, 123, 247, 254, 138, 27, 235, 190, 111, 150, 141, 122, 94, 125, 246, 110, 23, 251, 195, 248, 76, 148, 158, 149, 236, 187, 228, 5, 177, 119, 252, 186, 142, 152, 212, 159, 66, 114, 32]"
49,2026-03-12 09:58:27.052,0.1866,A9 9B 67 A4 54 F4 A2 6F 46 10 61 2B 61 BA 12 48 96 A4 96 3A F3 42 78 07 D2 CF 57 29 CC A0 89 79 33 52 7F 2B 58 E9 9F 9C FA 1A 2C 57 D8 13 F4 15 CD 2D 98 36,"[169, 155, 103, 164, 84, 244, 162, 111, 70, 16, 97, 43, 97, 186, 18, 72, 150, 164, 150, 58, 243, 66, 120, 7, 210, 207, 87, 41, 204, 160, 137, 121, 51, 82, 127, 43, 88, 233, 159, 156, 250, 26, 44, 87, 216, 19, 244, 21, 205, 45, 152, 54]"
50,2026-03-12 09:58:27.172,0.1182,50 0C B3 34 2A 0E A5 F1 CC A7 07 55 BD 44 5A 3D AF E7 31 56 C6 2F EE CE 0B 87 C3 79 B9 74 2D 7A EA 13 C1 81 A6 9D 0A 17 AB 76 0A AA D0 B9 D7 9F 4F 0E D1 25,"[80, 12, 179, 52, 42, 14, 165, 241, 204, 167, 7, 85, 189, 68, 90, 61, 175, 231, 49, 86, 198, 47, 238, 206, 11, 135, 195, 121, 185, 116, 45, 122, 234, 19, 193, 129, 166, 157, 10, 23, 171, 118, 10, 170, 208, 185, 215, 159, 79, 14, 209, 37]"
51,2026-03-12 09:58:27.225,0.0522,E8 E8 CE E9 52 E8 3D DB 4A D0 78 44 A6 41 48 48 12 59 1F 05 E8 60 D4 A7 7C 05 F9 6C 76 F5 E1 B6 82 FD 7F 66 76 1C C1 FB B3 14 C7 12 36 73 44 E3 81 53 EB 0D,"[232, 232, 206, 233, 82, 232, 61, 219, 74, 208, 120, 68, 166, 65, 72, 72, 18, 89, 31, 5, 232, 96, 212, 167, 124, 5, 249, 108, 118, 245, 225, 182, 130, 253, 127, 102, 118, 28, 193, 251, 179, 20, 199, 18, 54, 115, 68, 227, 129, 83, 235, 13]"
52,2026-03-12 09:58:27.337,0.1109,52 F8 1B 8B C2 CC 91 F7 82 14 08 C4 F4 F0 E4 71 AC 7B F8 92 22 76 85 AC EF 5B 6D B1 43 2B 7E CF 1D 68 2A 8E B5 8E DD A5 BF 45 24 50 ED AC A1 84 A7 A3 17 82,"[82, 248, 27, 139, 194, 204, 145, 247, 130, 20, 8, 196, 244, 240, 228, 113, 172, 123, 248, 146, 34, 118, 133, 172, 239, 91, 109, 177, 67, 43, 126, 207, 29, 104, 42, 142, 181, 142, 221, 165, 191, 69, 36, 80, 237, 172, 161, 132, 167, 163, 23, 130]"
53,2026-03-12 09:58:27.474,0.1348,2B 43 1E E3 45 E4 C2 CF D1 29 BA CA 68 B3 48 A0 E3 14 23 64 E2 86 FF 9B 0E E7 A4 95 15 96 06 58 61 18 10 77 81 2E B2 45 22 73 47 D9 93 F2 F8 D1 E1 EB 0A C0,"[43, 67, 30, 227, 69, 228, 194, 207, 209, 41, 186, 202, 104, 179, 72, 160, 227, 20, 35, 100, 226, 134, 255, 155, 14, 231, 164, 149, 21, 150, 6, 88, 97, 24, 16, 119, 129, 46, 178, 69, 34, 115, 71, 217, 147, 242, 248, 209, 225, 235, 10, 192]"
54,2026-03-12 09:58:27.532,0.0568,5B ED 2E 41 5A 93 13 62 88 EF C4 4D 5D C8 57 5C AD 86 F0 84 D3 FC 68 3F CF 04 16 BD A2 03 77 BA CC 2F D9 AD 15 6F 00 D2 AE D8 CA 46 94 9E 91 65 A9 4D B6 9A,"[91, 237, 46, 65, 90, 147, 19, 98, 136, 239, 196, 77, 93, 200, 87, 92, 173, 134, 240, 132, 211, 252, 104, 63, 207, 4, 22, 189, 162, 3, 119, 186, 204, 47, 217, 173, 21, 111, 0, 210, 174, 216, 202, 70, 148, 158, 145, 101, 169, 77, 182, 154]"
55,2026-03-12 09:58:27.896,0.3627,1B 72 B6 3A 57 04 E2 72 7E 8D C5 7C 52 CD E1 D1 45 4F F4 7A E4 A3 F1 D6 04 55 95 1B ED 0B 61 24 82 B5 19 63 90 C9 78 17 98 06 B4 95 E0 E3 F1 05 43 44 96 E8,"[27, 114, 182, 58, 87, 4, 226, 114, 126, 141, 197, 124, 82, 205, 225, 209, 69, 79, 244, 122, 228, 163, 241, 214, 4, 85, 149, 27, 237, 11, 97, 36, 130, 181, 25, 99, 144, 201, 120, 23, 152, 6, 180, 149, 224, 227, 241, 5, 67, 68, 150, 232]"
56,2026-03-12 09:58:27.911,0.0139,95 88 13 F9 D1 B7 72 3E 5A 02 AA BC F7 6A C0 BA FC 4F 23 7B 8A 35 0B F8 B0 CE 77 92 C7 58 9B 14 08 10 9A D1 57 D7 9E 6C CB 96 B5 06 A9 97 C1 ED 63 31 A1 61,"[149, 136, 19, 249, 209, 183, 114, 62, 90, 2, 170, 188, 247, 106, 192, 186, 252, 79, 35, 123, 138, 53, 11, 248, 176, 206, 119, 146, 199, 88, 155, 20, 8, 16, 154, 209, 87, 215, 158, 108, 203, 150, 181, 6, 169, 151, 193, 237, 99, 49, 161, 97]"
57,2026-03-12 09:58:28.082,0.1702,B8 F6 65 47 0D 88 CF AB EE 1F 8A 6C CF 39 EF 86 51 50 63 4F C7 3C 28 0D BB CC 10 97 4B 95 71 91 56 CC 0C 44 9A FC 0F E9 46 39 6E 35 91 40 8D EB 8B 3C C2 35,"[184, 246, 101, 71, 13, 136, 207, 171, 238, 31, 138, 108, 207, 57, 239, 134, 81, 80, 99, 79, 199, 60, 40, 13, 187, 204, 16, 151, 75, 149, 113, 145, 86, 204, 12, 68, 154, 252, 15, 233, 70, 57, 110, 53, 145, 64, 141, 235, 139, 60, 194, 53]"
58,2026-03-12 09:58:28.089,0.0054,CB 7E D0 99 51 66 56 6C CF 76 19 BF 86 41 62 AD 96 17 9B C4 B2 3B 8B 90 44 14 21 E2 F0 B6 B2 96 04 AF 80 21 AC 9C 05 CF 0C 39 EF 82 42 5E 19 04 20 1B 32 5A,"[203, 126, 208, 153, 81, 102, 86, 108, 207, 118, 25, 191, 134, 65, 98, 173, 150, 23, 155, 196, 178, 59, 139, 144, 68, 20, 33, 226, 240, 182, 178, 150, 4, 175, 128, 33, 172, 156, 5, 207, 12, 57, 239, 130, 66, 94, 25, 4, 32, 27, 50, 90]"
59,2026-03-12 09:58:28.258,0.1677,6E FD D0 68 49 13 A2 14 18 DA 47 D9 4A B6 1E 9E 66 34 C6 4C 39 A1 D8 67 3B D2 D1 F9 40 8A BF B9 E3 8F 00 57 C5 2C CE 33 2F 62 38 7E FE 61 2B 39 CF 39 DF D5,"[110, 253, 208, 104, 73, 19, 162, 20, 24, 218, 71, 217, 74, 182, 30, 158, 102, 52, 198, 76, 57, 161, 216, 103, 59, 210, 209, 249, 64, 138, 191, 185, 227, 143, 0, 87, 197, 44, 206, 51, 47, 98, 56, 126, 254, 97, 43, 57, 207, 57, 223, 213]"
60,2026-03-12 09:58:28.302,0.0418,78 E3 01 0B DC F9 A2 18 25 E0 14 4E 64 A1 DE 45 43 53 5A 46 41 24 B3 55 79 82 95 E7 84 67 DC BC 8D 31 D3 80 57 54 43 FD C4 C6 5E 8D 2E 5F 51 DD BD 76 A7 DA,"[120, 227, 1, 11, 220, 249, 162, 24, 37, 224, 20, 78, 100, 161, 222, 69, 67, 83, 90, 70, 65, 36, 179, 85, 121, 130, 149, 231, 132, 103, 220, 188, 141, 49, 211, 128, 87, 84, 67, 253, 196, 198, 94, 141, 46, 95, 81, 221, 189, 118, 167, 218]"
61,2026-03-12 09:58:28.336,0.0335,8A C5 13 E5 56 F1 F6 18 E6 65 26 74 0A 96 7E 46 EA 9C 88 70 AD 17 23 C1 6D 5A C1 30 D6 3E 45 F2 8B 5A 48 87 CD 63 56 05 6F 2C 16 0B 35 9D 2C A1 02 B5 49 90,"[138, 197, 19, 229, 86, 241, 246, 24, 230, 101, 38, 116, 10, 150, 126, 70, 234, 156, 136, 112, 173, 23, 35, 193, 109, 90, 193, 48, 214, 62, 69, 242, 139, 90, 72, 135, 205, 99, 86, 5, 111, 44, 22, 11, 53, 157, 44, 161, 2, 181, 73, 144]"
62,2026-03-12 09:58:28.443,0.1055,53 48 1B 9B 94 28 88 FA DF 4A 23 4D 28 3C 30 31 51 3E 60 17 14 A1 98 80 14 D5 83 A7 0E AD 5A 7F 43 85 14 C8 21 2A B5 BE CC 10 BA 92 17 59 4E 21 BF 32 56 E2,"[83, 72, 27, 155, 148, 40, 136, 250, 223, 74, 35, 77, 40, 60, 48, 49, 81, 62, 96, 23, 20, 161, 152, 128, 20, 213, 131, 167, 14, 173, 90, 127, 67, 133, 20, 200, 33, 42, 181, 190, 204, 16, 186, 146, 23, 89, 78, 33, 191, 50, 86, 226]"
63,2026-03-12 09:58:28.601,0.1541,3A 13 47 88 7D 56 EC EF 58 2A A4 E6 D1 73 B9 40 D1 78 F6 00 D6 2A 3C C7 9E 63 96 72 5E 17 A6 35 0C 7B AD E8 BB A5 45 AA F7 C7 53 78 39 04 C4 6C AF 34 52 0B,"[58, 19, 71, 136, 125, 86, 236, 239, 88, 42, 164, 230, 209, 115, 185, 64, 209, 120, 246, 0, 214, 42, 60, 199, 158, 99, 150, 114, 94, 23, 166, 53, 12, 123, 173, 232, 187, 165, 69, 170, 247, 199, 83, 120, 57, 4, 196, 108, 175, 52, 82, 11]"
64,2026-03-12 09:58:28.925,0.3228,7F 02 E8 7F 5B D5 7F 4A A3 D7 8D 12 A1 E1 0B 05 3B 37 BF BE 3B C6 5B 75 6B CC 1F F3 46 3C C1 55 44 87 2D 78 17 A4 0C 22 1D AC 26 69 7D 50 EA 06 67 E1 BA 6B,"[127, 2, 232, 127, 91, 213, 127, 74, 163, 215, 141, 18, 161, 225, 11, 5, 59, 55, 191, 190, 59, 198, 91, 117, 107, 204, 31, 243, 70, 60, 193, 85, 68, 135, 45, 120, 23, 164, 12, 34, 29, 172, 38, 105, 125, 80, 234, 6, 103, 225, 186, 107]"
65,2026-03-12 09:58:28.945,0.0181,A2 CB 4C 7B 40 34 4E CE 09 12 0F 22 2C 4B 87 1A 23 A0 D0 E6 6C B0 FE BF 06 E1 8C B9 D7 5D CF D2 28 17 FC 1D CC 49 1C C9 94 FC 9B 1F 1E 31 77 3E 63 E9 AC 59,"[162, 203, 76, 123, 64, 52, 78, 206, 9, 18, 15, 34, 44, 75, 135, 26, 35, 160, 208, 230, 108, 176, 254, 191, 6, 225, 140, 185, 215, 93, 207, 210, 40, 23, 252, 29, 204, 73, 28, 201, 148, 252, 155, 31, 30, 49, 119, 62, 99, 233, 172, 89]"
66,2026-03-12 09:58:29.288,0.3394,18 31 E1 87 36 13 1C F9 61 E4 53 82 BA B6 FD 3F 5D 83 58 C0 43 69 8A DF 96 BE E6 83 C8 4A 46 56 DD D6 80 38 1A C5 AC E5 36 BA 31 B8 BC E6 00 ED A7 C5 C0 7C,"[24, 49, 225, 135, 54, 19, 28, 249, 97, 228, 83, 130, 186, 182, 253, 63, 93, 131, 88, 192, 67, 105, 138, 223, 150, 190, 230, 131, 200, 74, 70, 86, 221, 214, 128, 56, 26, 197, 172, 229, 54, 186, 49, 184, 188, 230, 0, 237, 167, 197, 192, 124]"
67,2026-03-12 09:58:29.402,0.1139,3D 23 02 F3 D8 BC 7A 08 1D 9F 70 5F EB 10 E8 48 B4 EB 94 0F DC B4 F3 CE 6D 80 62 6C 0A 7A B0 23 0D A4 F0 B3 F9 30 88 F9 26 31 87 81 07 F7 9F C7 4D 99 7C 5F,"[61, 35, 2, 243, 216, 188, 122, 8, 29, 159, 112, 95, 235, 16, 232, 72, 180, 235, 148, 15, 220, 180, 243, 206, 109, 128, 98, 108, 10, 122, 176, 35, 13, 164, 240, 179, 249, 48, 136, 249, 38, 49, 135, 129, 7, 247, 159, 199, 77, 153, 124, 95]"
68,2026-03-12 09:58:29.473,0.0688,AD BB FD 40 38 95 6D 94 6E 76 90 7C D3 41 0A 53 E7 4E 1F 74 B3 4E 5F 1C 8B E1 53 2C 1E 4F 22 F7 CD B0 5B 07 D7 AB 63 F7 D2 F8 F9 FF 00 B5 E2 4B 04 8B 43 3B,"[173, 187, 253, 64, 56, 149, 109, 148, 110, 118, 144, 124, 211, 65, 10, 83, 231, 78, 31, 116, 179, 78, 95, 28, 139, 225, 83, 44, 30, 79, 34, 247, 205, 176, 91, 7, 215, 171, 99, 247, 210, 248, 249, 255, 0, 181, 226, 75, 4, 139, 67, 59]"
69,2026-03-12 09:58:29.511,0.0361,10 10 90 8B 4B DA C0 27 3C 4A 98 5E 95 D5 1E 74 15 AF FA D9 AB 15 CB 27 7D AD 9F 3C 84 F4 3B 76 66 1F 55 BA 81 D4 07 EA FB 24 4B B4 9B EB 66 6F 93 7C 5E B1,"[16, 16, 144, 139, 75, 218, 192, 39, 60, 74, 152, 94, 149, 213, 30, 116, 21, 175, 250, 217, 171, 21, 203, 39, 125, 173, 159, 60, 132, 244, 59, 118, 102, 31, 85, 186, 129, 212, 7, 234, 251, 36, 75, 180, 155, 235, 102, 111, 147, 124, 94, 177]"
70,2026-03-12 09:58:29.519,0.0068,5F D6 C7 F9 74 6B 24 1B 36 EF 96 3E 9B 43 3B 78 DC 99 09 26 51 74 97 D5 B7 9F C8 02 4C 49 C4 77 6A A1 0D 93 22 EF 36 DE CE 7A 9D 0F 4E E6 37 1C 0F F8 1E F9,"[95, 214, 199, 249, 116, 107, 36, 27, 54, 239, 150, 62, 155, 67, 59, 120, 220, 153, 9, 38, 81, 116, 151, 213, 183, 159, 200, 2, 76, 73, 196, 119, 106, 161, 13, 147, 34, 239, 54, 222, 206, 122, 157, 15, 78, 230, 55, 28, 15, 248, 30, 249]"
71,2026-03-12 09:58:29.609,0.0899,BF 8B D4 B5 2F F3 5E 12 D0 65 B3 6D B6 E8 5F 28 C5 28 45 28 BD EE 31 EE 40 82 CC 0D 70 37 13 86 B8 D3 84 BB 55 74 0B E6 40 A1 52 41 E2 7B 07 C4 B0 9A D2 8E,"[191, 139, 212, 181, 47, 243, 94, 18, 208, 101, 179, 109, 182, 232, 95, 40, 197, 40, 69, 40, 189, 238, 49, 238, 64, 130, 204, 13, 112, 55, 19, 134, 184, 211, 132, 187, 85, 116, 11, 230, 64, 161, 82, 65, 226, 123, 7, 196, 176, 154, 210, 142]"
72,2026-03-12 09:58:29.715,0.1049,EF 4E 80 20 1D 04 9E 21 50 54 2F C0 D3 AD E1 8D 45 31 CD 94 4A 29 27 A4 CB 74 C5 E1 67 80 87 26 4F DE 25 2C 8C 9F 87 CC 5A 50 5F 6E BB 3B D4 6D 58 BE 70 72,"[239, 78, 128, 32, 29, 4, 158, 33, 80, 84, 47, 192, 211, 173, 225, 141, 69, 49, 205, 148, 74, 41, 39, 164, 203, 116, 197, 225, 103, 128, 135, 38, 79, 222, 37, 44, 140, 159, 135, 204, 90, 80, 95, 110, 187, 59, 212, 109, 88, 190, 112, 114]"
73,2026-03-12 09:58:29.779,0.0622,7C 58 C4 1F 90 64 77 4A 18 8F 1F 29 1D DC 6A AF 48 8F 5D 7D EA 9F 16 5A CE 43 3D ED 7C 34 84 16 08 FB 4A 31 F1 BC 6C B5 CD FA 30 86 C4 64 17 67 A9 64 0E E8,"[124, 88, 196, 31, 144, 100, 119, 74, 24, 143, 31, 41, 29, 220, 106, 175, 72, 143, 93, 125, 234, 159, 22, 90, 206, 67, 61, 237, 124, 52, 132, 22, 8, 251, 74, 49, 241, 188, 108, 181, 205, 250, 48, 134, 196, 100, 23, 103, 169, 100, 14, 232]"
74,2026-03-12 09:58:29.884,0.1012,C6 7F 31 3C F7 DF 45 78 8B BB D2 04 97 F4 07 1D 05 CC 5E D4 95 1B 36 BC 8D 85 73 38 E5 B7 6A 12 1D FA 07 A1 6C 37 11 DB 8B 93 9C CA C8 10 F1 50 5E 9D 09 06,"[198, 127, 49, 60, 247, 223, 69, 120, 139, 187, 210, 4, 151, 244, 7, 29, 5, 204, 94, 212, 149, 27, 54, 188, 141, 133, 115, 56, 229, 183, 106, 18, 29, 250, 7, 161, 108, 55, 17, 219, 139, 147, 156, 202, 200, 16, 241, 80, 94, 157, 9, 6]"
75,2026-03-12 09:58:29.937,0.0523,9C 7C BA D7 D3 A9 26 FE 6B 10 D1 21 FE 25 75 D8 DE 86 CF BA 59 82 F5 5A 34 70 A9 AF 97 FA F7 95 02 EE 99 96 B7 12 39 6B 1A DA 7E D0 AA E0 1E 38 FD B0 C8 06,"[156, 124, 186, 215, 211, 169, 38, 254, 107, 16, 209, 33, 254, 37, 117, 216, 222, 134, 207, 186, 89, 130, 245, 90, 52, 112, 169, 175, 151, 250, 247, 149, 2, 238, 153, 150, 183, 18, 57, 107, 26, 218, 126, 208, 170, 224, 30, 56, 253, 176, 200, 6]"
76,2026-03-12 09:58:29.980,0.0415,4B A0 65 0D CC DD 8F 6E 3F C6 AA C0 07 F3 9A 9C 7E 77 C2 38 5F 8A 60 76 C7 0C 75 1F 66 39 ED 13 74 3C AA C5 1B 96 79 50 0D 15 68 6C AE BF 77 58 F6 67 1A 3D,"[75, 160, 101, 13, 204, 221, 143, 110, 63, 198, 170, 192, 7, 243, 154, 156, 126, 119, 194, 56, 95, 138, 96, 118, 199, 12, 117, 31, 102, 57, 237, 19, 116, 60, 170, 197, 27, 150, 121, 80, 13, 21, 104, 108, 174, 191, 119, 88, 246, 103, 26, 61]"
77,2026-03-12 09:58:30.108,0.1270,5F 4D 74 85 78 B4 9B 6D D5 B5 47 6F DD 16 A3 8B 6C 41 8F C7 BA 0A 1D FA AA 01 F6 6C 7A 5E AE ED 55 E5 82 DD 44 1A 34 A2 52 12 01 AF B3 BC 4F B9 A5 9F CC 61,"[95, 77, 116, 133, 120, 180, 155, 109, 213, 181, 71, 111, 221, 22, 163, 139, 108, 65, 143, 199, 186, 10, 29, 250, 170, 1, 246, 108, 122, 94, 174, 237, 85, 229, 130, 221, 68, 26, 52, 162, 82, 18, 1, 175, 179, 188, 79, 185, 165, 159, 204, 97]"
78,2026-03-12 09:58:30.133,0.0219,83 2A BC 26 89 BF 6F D3 B5 BC 20 E9 2B 96 00 B8 10 BF 57 7F 9E EA 11 4D 0B 32 AC 9D C6 3D 4C F0 BB 8A 8B BF AA 9D 30 CF 05 2D 16 2D C9 88 1C 84 2F E9 37 74,"[131, 42, 188, 38, 137, 191, 111, 211, 181, 188, 32, 233, 43, 150, 0, 184, 16, 191, 87, 127, 158, 234, 17, 77, 11, 50, 172, 157, 198, 61, 76, 240, 187, 138, 139, 191, 170, 157, 48, 207, 5, 45, 22, 45, 201, 136, 28, 132, 47, 233, 55, 116]"
79,2026-03-12 09:58:30.156,0.0199,B2 1C CD 70 1D 14 F8 B2 1A 79 5F 8C 22 F0 8D 4C D2 F7 11 D5 9A 2F 9D E6 0D 00 1A 89 A8 EA B6 6A 1E 44 1F 4A A4 E9 F9 38 78 14 62 D1 D0 43 97 DC 24 52 61 0C,"[178, 28, 205, 112, 29, 20, 248, 178, 26, 121, 95, 140, 34, 240, 141, 76, 210, 247, 17, 213, 154, 47, 157, 230, 13, 0, 26, 137, 168, 234, 182, 106, 30, 68, 31, 74, 164, 233, 249, 56, 120, 20, 98, 209, 208, 67, 151, 220, 36, 82, 97, 12]"
80,2026-03-12 09:58:30.231,0.0737,5F CA 47 44 21 EC 58 B6 00 AF A4 FB BD DE F9 F6 B0 7A 26 05 C6 7E C5 80 84 A2 41 F4 77 32 9B 99 F4 FA 98 0B 54 C4 3D 6D 8C 39 FB CB 5B 9D 16 A6 28 2F AF 28,"[95, 202, 71, 68, 33, 236, 88, 182, 0, 175, 164, 251, 189, 222, 249, 246, 176, 122, 38, 5, 198, 126, 197, 128, 132, 162, 65, 244, 119, 50, 155, 153, 244, 250, 152, 11, 84, 196, 61, 109, 140, 57, 251, 203, 91, 157, 22, 166, 40, 47, 175, 40]"
81,2026-03-12 09:58:30.281,0.0482,46 78 88 AC B9 B1 0D A0 F9 91 89 36 0E 33 5E C6 89 48 4F 98 CD 91 E1 52 1E A9 D6 B6 5A DB A9 7A 39 26 BF 70 B0 90 EA 6D D4 8A CA 02 F3 2B FB 1A EB 94 12 26,"[70, 120, 136, 172, 185, 177, 13, 160, 249, 145, 137, 54, 14, 51, 94, 198, 137, 72, 79, 152, 205, 145, 225, 82, 30, 169, 214, 182, 90, 219, 169, 122, 57, 38, 191, 112, 176, 144, 234, 109, 212, 138, 202, 2, 243, 43, 251, 26, 235, 148, 18, 38]"
82,2026-03-12 09:58:30.378,0.0957,CB AC AE F2 DD AF C4 36 42 86 6E 91 14 2E D9 86 F1 AF B4 A8 76 B6 D6 57 4D 04 A3 66 48 09 3E 5B DB 95 80 17 C0 98 FA AF 20 35 98 94 C6 72 6E 3B 7B 63 DB D8,"[203, 172, 174, 242, 221, 175, 196, 54, 66, 134, 110, 145, 20, 46, 217, 134, 241, 175, 180, 168, 118, 182, 214, 87, 77, 4, 163, 102, 72, 9, 62, 91, 219, 149, 128, 23, 192, 152, 250, 175, 32, 53, 152, 148, 198, 114, 110, 59, 123, 99, 219, 216]"
83,2026-03-12 09:58:30.432,0.0527,3A 4D 65 D1 F3 4F 94 7F AB 99 B6 71 12 F9 1D 38 8D AD 14 F7 FB CB 88 DE 46 8B CD B5 34 24 03 1D 21 AE 11 09 4F 07 31 3E 49 C1 D8 BA FC EC 4F 50 19 87 6E A0,"[58, 77, 101, 209, 243, 79, 148, 127, 171, 153, 182, 113, 18, 249, 29, 56, 141, 173, 20, 247, 251, 203, 136, 222, 70, 139, 205, 181, 52, 36, 3, 29, 33, 174, 17, 9, 79, 7, 49, 62, 73, 193, 216, 186, 252, 236, 79, 80, 25, 135, 110, 160]"
84,2026-03-12 09:58:30.459,0.0262,92 0D 06 E7 E4 AE 74 17 36 F3 14 B4 3D C2 DF A6 4E 03 FE 81 7A FF 42 62 EA A6 01 A6 AD 60 76 C9 73 41 25 98 54 A8 19 E8 99 66 66 1F 83 B5 2F 50 C3 1B AC 09,"[146, 13, 6, 231, 228, 174, 116, 23, 54, 243, 20, 180, 61, 194, 223, 166, 78, 3, 254, 129, 122, 255, 66, 98, 234, 166, 1, 166, 173, 96, 118, 201, 115, 65, 37, 152, 84, 168, 25, 232, 153, 102, 102, 31, 131, 181, 47, 80, 195, 27, 172, 9]"
85,2026-03-12 09:58:30.482,0.0221,F6 35 CF 83 49 7C 50 C6 71 AB 1F A5 6B CF 22 8B 25 8D DB 95 25 FA 83 C8 94 E5 21 F2 63 81 98 BC C1 F0 94 32 79 05 B8 B2 BC E7 58 D7 3F 29 3B C6 A9 55 4D 3C,"[246, 53, 207, 131, 73, 124, 80, 198, 113, 171, 31, 165, 107, 207, 34, 139, 37, 141, 219, 149, 37, 250, 131, 200, 148, 229, 33, 242, 99, 129, 152, 188, 193, 240, 148, 50, 121, 5, 184, 178, 188, 231, 88, 215, 63, 41, 59, 198, 169, 85, 77, 60]"
86,2026-03-12 09:58:30.591,0.1075,24 D5 74 52 BE FF 3A 02 6C 19 BC C4 A4 2F 53 5F 29 AE A4 D0 2B FA 4D 0D F5 B0 AC 84 36 F6 39 A8 8F DA 88 F0 0C 27 EB B0 C7 14 9D B5 E7 AD 00 73 7F 1E 43 E8,"[36, 213, 116, 82, 190, 255, 58, 2, 108, 25, 188, 196, 164, 47, 83, 95, 41, 174, 164, 208, 43, 250, 77, 13, 245, 176, 172, 132, 54, 246, 57, 168, 143, 218, 136, 240, 12, 39, 235, 176, 199, 20, 157, 181, 231, 173, 0, 115, 127, 30, 67, 232]"
87,2026-03-12 09:58:30.599,0.0054,DB 1C A0 A3 CA 47 A6 EB 06 8F A3 87 8F AD FE B3 F3 97 E8 45 0E 08 C4 66 90 57 23 8C 80 4E B6 2C 1A 5D D3 5F EA 44 AF A1 36 CD EC 5E 20 E6 DF 87 B3 21 0A 73,"[219, 28, 160, 163, 202, 71, 166, 235, 6, 143, 163, 135, 143, 173, 254, 179, 243, 151, 232, 69, 14, 8, 196, 102, 144, 87, 35, 140, 128, 78, 182, 44, 26, 93, 211, 95, 234, 68, 175, 161, 54, 205, 236, 94, 32, 230, 223, 135, 179, 33, 10, 115]"
88,2026-03-12 09:58:30.655,0.0522,EA 1A 6D 40 53 A0 2C FC F7 C2 B2 08 75 B7 70 98 D6 7F 54 1C 82 04 3D 5D 77 A4 F9 0C E0 81 42 5C 7D F6 9F 45 E0 37 1A 39 1B 22 6C FF 15 58 62 0A 9F A3 DF E1,"[234, 26, 109, 64, 83, 160, 44, 252, 247, 194, 178, 8, 117, 183, 112, 152, 214, 127, 84, 28, 130, 4, 61, 93, 119, 164, 249, 12, 224, 129, 66, 92, 125, 246, 159, 69, 224, 55, 26, 57, 27, 34, 108, 255, 21, 88, 98, 10, 159, 163, 223, 225]"
89,2026-03-12 09:58:30.837,0.1816,D8 61 6A A2 7E 09 DD 6E F7 B9 3D E4 37 23 0B 29 8C 2A A0 21 AA A3 F2 0B E9 25 65 9E DE 8A 51 93 AD 36 9E 35 EA 78 8A 57 35 23 D8 BE 12 21 BE 59 4F EA AB BA,"[216, 97, 106, 162, 126, 9, 221, 110, 247, 185, 61, 228, 55, 35, 11, 41, 140, 42, 160, 33, 170, 163, 242, 11, 233, 37, 101, 158, 222, 138, 81, 147, 173, 54, 158, 53, 234, 120, 138, 87, 53, 35, 216, 190, 18, 33, 190, 89, 79, 234, 171, 186]"
90,2026-03-12 09:58:31.136,0.2974,7B 9C 93 24 03 60 EF A1 05 2F 33 F7 28 29 49 ED DB 3C F4 5E FF 4C 48 2F 50 8F DF 75 DC 33 19 6A 22 70 43 D4 95 E2 B5 75 3C D2 F6 D2 F8 45 45 3C D2 A0 65 7A,"[123, 156, 147, 36, 3, 96, 239, 161, 5, 47, 51, 247, 40, 41, 73, 237, 219, 60, 244, 94, 255, 76, 72, 47, 80, 143, 223, 117, 220, 51, 25, 106, 34, 112, 67, 212, 149, 226, 181, 117, 60, 210, 246, 210, 248, 69, 69, 60, 210, 160, 101, 122]"
91,2026-03-12 09:58:31.329,0.1922,4E 18 FD 2E DF F7 FD 3A E1 94 17 EA 30 9F 36 3D 13 46 A5 66 5F 4F F5 DA B3 A4 2D 5C 16 D6 7F 3B 5A 68 76 F7 F8 9E 4B 03 2C A5 8D EC 56 3B 87 28 5F F5 AB 1A,"[78, 24, 253, 46, 223, 247, 253, 58, 225, 148, 23, 234, 48, 159, 54, 61, 19, 70, 165, 102, 95, 79, 245, 218, 179, 164, 45, 92, 22, 214, 127, 59, 90, 104, 118, 247, 248, 158, 75, 3, 44, 165, 141, 236, 86, 59, 135, 40, 95, 245, 171, 26]"
92,2026-03-12 09:58:31.594,0.2629,93 3D 26 0D 31 3E BE 26 5E EC 1B 24 9D 89 1F C9 8F 80 E4 BC 7A CA E4 45 C4 C4 8D 48 7C 1F 12 5A 7F DD BA D4 53 81 D9 EC FC 5C 89 D8 D3 4E 09 E8 32 39 A1 B6,"[147, 61, 38, 13, 49, 62, 190, 38, 94, 236, 27, 36, 157, 137, 31, 201, 143, 128, 228, 188, 122, 202, 228, 69, 196, 196, 141, 72, 124, 31, 18, 90, 127, 221, 186, 212, 83, 129, 217, 236, 252, 92, 137, 216, 211, 78, 9, 232, 50, 57, 161, 182]"
93,2026-03-12 09:58:32.000,0.4040,57 92 AF E6 0A AC 87 0B 6F 72 82 22 EE E6 F4 99 F5 EB 3A 1D 8C 0B 25 C2 D6 BD E1 70 7B 69 81 D6 4A 6C 92 62 B5 F2 24 9B F4 E9 F7 12 F4 67 75 13 2E 80 B5 04,"[87, 146, 175, 230, 10, 172, 135, 11, 111, 114, 130, 34, 238, 230, 244, 153, 245, 235, 58, 29, 140, 11, 37, 194, 214, 189, 225, 112, 123, 105, 129, 214, 74, 108, 146, 98, 181, 242, 36, 155, 244, 233, 247, 18, 244, 103, 117, 19, 46, 128, 181, 4]"
94,2026-03-12 09:58:32.047,0.0468,6E 1F 62 21 6B D2 C7 31 C0 1F 35 FF A0 E3 E5 59 F6 F9 B7 24 55 09 48 EE 1A 25 28 D5 0E 66 B5 09 D6 98 7A FC 90 CC CC 93 06 59 3C C5 DF 7F 64 8C 73 87 5D 79,"[110, 31, 98, 33, 107, 210, 199, 49, 192, 31, 53, 255, 160, 227, 229, 89, 246, 249, 183, 36, 85, 9, 72, 238, 26, 37, 40, 213, 14, 102, 181, 9, 214, 152, 122, 252, 144, 204, 204, 147, 6, 89, 60, 197, 223, 127, 100, 140, 115, 135, 93, 121]"
95,2026-03-12 09:58:32.122,0.0743,E5 F7 4D 67 FB 7B 92 86 5C 9A D3 90 9C 0C 56 D7 B6 3A 29 B5 E5 CE C8 76 FC 1C E6 78 6F D2 B4 F9 2B 16 A2 A9 C8 4B 6E 5E 5D 60 07 EB D2 58 EC B3 8F 24 77 20,"[229, 247, 77, 103, 251, 123, 146, 134, 92, 154, 211, 144, 156, 12, 86, 215, 182, 58, 41, 181, 229, 206, 200, 118, 252, 28, 230, 120, 111, 210, 180, 249, 43, 22, 162, 169, 200, 75, 110, 94, 93, 96, 7, 235, 210, 88, 236, 179, 143, 36, 119, 32]"
96,2026-03-12 09:58:32.184,0.0595,85 70 6E 8B 96 C1 3A 8E 0A 2E 0F 6E 77 AD 98 82 D3 D6 EA 00 69 95 C2 1E FC B5 18 D2 5F 93 35 D2 A5 47 21 46 65 DF DC D1 F0 A9 B7 21 45 0A 94 AB 79 4C A5 6E,"[133, 112, 110, 139, 150, 193, 58, 142, 10, 46, 15, 110, 119, 173, 152, 130, 211, 214, 234, 0, 105, 149, 194, 30, 252, 181, 24, 210, 95, 147, 53, 210, 165, 71, 33, 70, 101, 223, 220, 209, 240, 169, 183, 33, 69, 10, 148, 171, 121, 76, 165, 110]"
97,2026-03-12 09:58:32.309,0.1238,00 DE 5C 9C 30 A0 42 98 7C 39 BA 84 CE 48 79 33 CB 31 6F 44 E5 4A 30 48 91 31 5E 2C 99 55 51 AC 6A A7 C1 58 76 4D 71 D4 35 A1 40 FE 70 A9 56 8D 1E 49 29 F5,"[0, 222, 92, 156, 48, 160, 66, 152, 124, 57, 186, 132, 206, 72, 121, 51, 203, 49, 111, 68, 229, 74, 48, 72, 145, 49, 94, 44, 153, 85, 81, 172, 106, 167, 193, 88, 118, 77, 113, 212, 53, 161, 64, 254, 112, 169, 86, 141, 30, 73, 41, 245]"
98,2026-03-12 09:58:32.361,0.0509,20 9B A5 E0 C5 55 BC C1 F4 24 23 F0 37 D9 DB A1 72 16 D1 9E A7 43 B1 6E D7 58 A2 DE A9 20 65 3E 09 CC 6B BD B5 F1 61 6E 53 74 32 B8 1B 73 27 7A 5C F4 CA 3A,"[32, 155, 165, 224, 197, 85, 188, 193, 244, 36, 35, 240, 55, 217, 219, 161, 114, 22, 209, 158, 167, 67, 177, 110, 215, 88, 162, 222, 169, 32, 101, 62, 9, 204, 107, 189, 181, 241, 97, 110, 83, 116, 50, 184, 27, 115, 39, 122, 92, 244, 202, 58]"
99,2026-03-12 09:58:32.393,0.0305,2A 4E A5 91 86 00 57 B2 33 A0 AF D2 ED 74 9B AE DC 8C FC 48 33 06 E0 E2 48 22 8C 95 CF 54 45 0C 3B F0 15 49 85 F0 7C E3 33 99 80 FD C0 5B 67 F2 BE 07 5E 24,"[42, 78, 165, 145, 134, 0, 87, 178, 51, 160, 175, 210, 237, 116, 155, 174, 220, 140, 252, 72, 51, 6, 224, 226, 72, 34, 140, 149, 207, 84, 69, 12, 59, 240, 21, 73, 133, 240, 124, 227, 51, 153, 128, 253, 192, 91, 103, 242, 190, 7, 94, 36]"
100,2026-03-12 09:58:32.563,0.1679,44 7A 42 5F 74 5D 3E 74 C1 CC 73 92 88 F6 FA D9 4A B6 10 B9 AB 69 75 81 6D 9A 5E 7E 40 45 17 10 BF 2D FA 60 39 68 AF 97 32 11 0E 4F D6 03 94 6D B4 17 C8 3F,"[68, 122, 66, 95, 116, 93, 62, 116, 193, 204, 115, 146, 136, 246, 250, 217, 74, 182, 16, 185, 171, 105, 117, 129, 109, 154, 94, 126, 64, 69, 23, 16, 191, 45, 250, 96, 57, 104, 175, 151, 50, 17, 14, 79, 214, 3, 148, 109, 180, 23, 200, 63]"
